metric,baseline,agent
total_pnl,-0.4868621630637602,-4.524248630767651
trades,1,80
fsr,1.0,0.16455696202531647
sharpe_like,0.0,-0.0029354832116981265
dd_recovery_ticks,0,0
adaptive_switch_count,0,2
